Intercept,x1:x2
1.0,76.83302248278848
1.0,84.73542172597531
1.0,55.154885818557126
1.0,97.44678088481062
1.0,52.341422295472896
