Intercept,x1,x2,x1:x2:a[left],x1:x2:a[right],x1:x2:b[T.low],x1:x2:b[T.mid]
1.0,19.945536387662504,3.85214120038979,76.83302248278848,0.0,76.83302248278848,0.0
1.0,20.674308066353493,4.098585619118175,84.73542172597531,0.0,84.73542172597531,0.0
1.0,20.346647025958433,2.7107604387194626,0.0,55.154885818557126,0.0,0.0
1.0,18.699653829045985,5.2111542692543065,0.0,97.44678088481062,0.0,97.44678088481062
1.0,21.51851187887476,2.432390426907621,52.341422295472896,0.0,52.341422295472896,0.0
