a[left],a[right],x1,x2
1.0,0.0,19.945536387662504,3.85214120038979
1.0,0.0,20.674308066353493,4.098585619118175
0.0,1.0,20.346647025958433,2.7107604387194626
0.0,1.0,18.699653829045985,5.2111542692543065
1.0,0.0,21.51851187887476,2.432390426907621
