Intercept,x1,x2,x1:x2
1.0,19.945536387662504,3.85214120038979,76.83302248278848
1.0,20.674308066353493,4.098585619118175,84.73542172597531
1.0,20.346647025958433,2.7107604387194626,55.154885818557126
1.0,18.699653829045985,5.2111542692543065,97.44678088481062
1.0,21.51851187887476,2.432390426907621,52.341422295472896
