Intercept,a[T.right],b[T.low],b[T.mid],np.sin(x1),np.cos(x2)
1.0,0.0,1.0,0.0,0.8893769205406579,-0.758004200582313
1.0,0.0,1.0,0.0,0.9679261582216445,-0.5759807266894401
1.0,1.0,0.0,0.0,0.9972849995254774,-0.9086185088676886
1.0,1.0,0.0,1.0,-0.14934132364604816,0.4783416124776783
1.0,0.0,1.0,0.0,0.45523550315103734,-0.7588816501987654
